Timestamp,Temperature,Humidity (%),Fogger_Status
27-04-2025 00:00,24.3,78.1,0
27-04-2025 00:05,25.2,80.8,0
27-04-2025 00:10,25,76.9,0
27-04-2025 00:15,24.7,78.4,0
27-04-2025 00:20,24.7,79.2,0
27-04-2025 00:25,24,78.1,0
27-04-2025 00:30,26.1,83.5,0
27-04-2025 00:35,25.9,80.4,0
27-04-2025 00:40,24.7,78.1,0
27-04-2025 00:45,24.5,75.5,0
27-04-2025 00:50,26,83.3,0
27-04-2025 00:55,26.5,79.8,0
27-04-2025 01:00,24.2,79.6,0
27-04-2025 01:05,24.9,78,0
27-04-2025 01:10,25.7,77.9,0
27-04-2025 01:15,24.5,75.1,0
27-04-2025 01:20,24.6,81.5,0
27-04-2025 01:25,25.2,80.2,0
27-04-2025 01:30,26.5,83.5,0
27-04-2025 01:35,24.5,76.3,0
27-04-2025 01:40,25.4,79.1,0
27-04-2025 01:45,26.6,81.7,0
27-04-2025 01:50,24.7,82.5,0
27-04-2025 01:55,25.4,77.2,0
27-04-2025 02:00,24.3,80.5,0
27-04-2025 02:05,26.1,78.4,0
27-04-2025 02:10,25.2,80.6,0
27-04-2025 02:15,26.1,76.7,0
27-04-2025 02:20,25.4,75,0
27-04-2025 02:25,26.6,84.9,0
27-04-2025 02:30,24.8,79.2,0
27-04-2025 02:35,25,77.4,0
27-04-2025 02:40,24.5,78.9,0
27-04-2025 02:45,24.5,77.4,0
27-04-2025 02:50,25.5,80.2,0
27-04-2025 02:55,26.1,80.5,0
27-04-2025 03:00,24.2,81.9,0
27-04-2025 03:05,27,79.9,0
27-04-2025 03:10,26.4,83.2,0
27-04-2025 03:15,25,82.8,0
27-04-2025 03:20,26.4,75.8,0
27-04-2025 03:25,26.6,79.6,0
27-04-2025 03:30,25.1,80.6,0
27-04-2025 03:35,24.2,80.5,0
27-04-2025 03:40,26.8,82.4,0
27-04-2025 03:45,24.6,80.6,0
27-04-2025 03:50,25.6,81.5,0
27-04-2025 03:55,26,80.1,0
27-04-2025 04:00,25.4,78.1,0
27-04-2025 04:05,26.5,75.9,0
27-04-2025 04:10,25.7,77.1,0
27-04-2025 04:15,26.2,80.7,0
27-04-2025 04:20,26.2,81.7,0
27-04-2025 04:25,26.9,79.7,0
27-04-2025 04:30,25.5,81.2,0
27-04-2025 04:35,26.3,82.2,0
27-04-2025 04:40,26.2,82.1,0
27-04-2025 04:45,26.1,83.5,0
27-04-2025 04:50,24.1,81.1,0
27-04-2025 04:55,25.3,84.5,0
27-04-2025 05:00,26,83.4,0
27-04-2025 05:05,26.4,80.3,0
27-04-2025 05:10,24.5,83.5,0
27-04-2025 05:15,25.1,83.4,0
27-04-2025 05:20,25.3,83.9,0
27-04-2025 05:25,25.5,84.4,0
27-04-2025 05:30,24.9,82.4,0
27-04-2025 05:35,26.8,81.1,0
27-04-2025 05:40,25.1,79.2,0
27-04-2025 05:45,25.1,79.8,0
27-04-2025 05:50,26.3,77.1,0
27-04-2025 05:55,25.9,83.5,0
27-04-2025 06:00,31.3,72.5,0
27-04-2025 06:05,30,70.8,0
27-04-2025 06:10,31,68,0
27-04-2025 06:15,27.9,66.9,0
27-04-2025 06:20,31.3,72,0
27-04-2025 06:25,27.9,69.4,0
27-04-2025 06:30,27.5,68.6,0
27-04-2025 06:35,29.9,66.3,0
27-04-2025 06:40,27.1,72.6,0
27-04-2025 06:45,28.2,73.5,0
27-04-2025 06:50,29.3,68.6,0
27-04-2025 06:55,30.4,67.9,0
27-04-2025 07:00,30.4,66.3,0
27-04-2025 07:05,30,71.7,0
27-04-2025 07:10,29,67.3,0
27-04-2025 07:15,32.3,74,0
27-04-2025 07:20,28.9,71.3,0
27-04-2025 07:25,27,67.5,0
27-04-2025 07:30,30.1,67.1,0
27-04-2025 07:35,28.6,71.4,0
27-04-2025 07:40,30.5,68.5,0
27-04-2025 07:45,31.6,74.7,0
27-04-2025 07:50,30.2,68.2,0
27-04-2025 07:55,28.2,74.7,0
27-04-2025 08:00,29.3,72.5,0
27-04-2025 08:05,27.4,68,0
27-04-2025 08:10,29.4,70.3,0
27-04-2025 08:15,30,68.8,0
27-04-2025 08:20,33,68.2,0
27-04-2025 08:25,31.3,71.8,0
27-04-2025 08:30,32.5,71.9,0
27-04-2025 08:35,28.7,65.9,0
27-04-2025 08:40,31.1,74.6,0
27-04-2025 08:45,32.4,70.6,0
27-04-2025 08:50,27,70.6,0
27-04-2025 08:55,27.5,70.7,0
27-04-2025 09:00,28.8,74.4,0
27-04-2025 09:05,31.1,66.3,0
27-04-2025 09:10,30.1,70.3,0
27-04-2025 09:15,29.7,69.5,0
27-04-2025 09:20,27.3,66.5,0
27-04-2025 09:25,31.9,71.6,0
27-04-2025 09:30,29.3,74,0
27-04-2025 09:35,27.5,71.7,0
27-04-2025 09:40,32.4,72.8,0
27-04-2025 09:45,29.8,65.3,0
27-04-2025 09:50,31.8,66.8,0
27-04-2025 09:55,29.3,74.5,0
27-04-2025 10:00,28,73.2,0
27-04-2025 10:05,30.2,73.7,0
27-04-2025 10:10,27.9,70.8,0
27-04-2025 10:15,28.2,68.8,0
27-04-2025 10:20,31,65.1,0
27-04-2025 10:25,30.2,69.8,0
27-04-2025 10:30,32.3,70.9,0
27-04-2025 10:35,29,69.1,0
27-04-2025 10:40,30.9,67.2,0
27-04-2025 10:45,32.7,74.7,0
27-04-2025 10:50,32.9,65.1,0
27-04-2025 10:55,29.9,72.3,0
27-04-2025 11:00,31.6,66.4,0
27-04-2025 11:05,31.6,65.1,0
27-04-2025 11:10,27.1,66.7,0
27-04-2025 11:15,32.5,72.9,0
27-04-2025 11:20,31.2,74.2,0
27-04-2025 11:25,32.3,66.2,0
27-04-2025 11:30,32,65.9,0
27-04-2025 11:35,32.8,72.3,0
27-04-2025 11:40,32,67.2,0
27-04-2025 11:45,32.5,69.5,0
27-04-2025 11:50,29.5,67.5,0
27-04-2025 11:55,30.9,73.2,0
27-04-2025 12:00,30.8,61.5,0
27-04-2025 12:05,31.4,63.1,0
27-04-2025 12:10,34,62.8,1
27-04-2025 12:15,31.9,56.8,0
27-04-2025 12:20,30.5,63.3,0
27-04-2025 12:25,33.1,56.2,1
27-04-2025 12:30,32.1,67.4,0
27-04-2025 12:35,34.3,56.6,1
27-04-2025 12:40,34.5,63.3,1
27-04-2025 12:45,30.1,57.8,0
27-04-2025 12:50,31.5,66,0
27-04-2025 12:55,33.4,64.9,1
27-04-2025 13:00,30.4,61.9,0
27-04-2025 13:05,35,59.8,1
27-04-2025 13:10,31.5,67.9,0
27-04-2025 13:15,32.4,66.1,0
27-04-2025 13:20,32.2,66.3,0
27-04-2025 13:25,34.1,67.6,0
27-04-2025 13:30,30.4,66.3,0
27-04-2025 13:35,33.2,61.4,1
27-04-2025 13:40,30.1,68.2,0
27-04-2025 13:45,32.1,68.7,0
27-04-2025 13:50,30.9,55.1,0
27-04-2025 13:55,34.2,65.9,0
27-04-2025 14:00,33.6,65.1,0
27-04-2025 14:05,33.4,63.4,1
27-04-2025 14:10,31.3,63.5,0
27-04-2025 14:15,32.3,57.7,1
27-04-2025 14:20,30.9,66.5,0
27-04-2025 14:25,30,58.1,0
27-04-2025 14:30,33.3,60.3,1
27-04-2025 14:35,31.1,64.4,0
27-04-2025 14:40,31.3,67.7,0
27-04-2025 14:45,30.3,64,0
27-04-2025 14:50,31,68.8,0
27-04-2025 14:55,33.3,56.9,1
27-04-2025 15:00,31.1,59.5,0
27-04-2025 15:05,32.6,59.5,1
27-04-2025 15:10,33,62.9,1
27-04-2025 15:15,30.3,65.4,0
27-04-2025 15:20,30.9,59,0
27-04-2025 15:25,31.1,59.3,0
27-04-2025 15:30,33.7,66.1,0
27-04-2025 15:35,33.6,69,0
27-04-2025 15:40,34.4,57.6,1
27-04-2025 15:45,32.2,56,1
27-04-2025 15:50,31.9,65.8,0
27-04-2025 15:55,30.5,63.5,0
27-04-2025 16:00,30.6,59,0
27-04-2025 16:05,30.2,67.7,0
27-04-2025 16:10,30.2,58.1,0
27-04-2025 16:15,32.1,57.8,1
27-04-2025 16:20,34.4,68.9,0
27-04-2025 16:25,33,59.9,1
27-04-2025 16:30,31.3,55.5,0
27-04-2025 16:35,34.1,60.1,1
27-04-2025 16:40,32.3,65.3,0
27-04-2025 16:45,30.6,55.6,0
27-04-2025 16:50,31.7,64.9,0
27-04-2025 16:55,35,69.3,0
27-04-2025 17:00,33.7,60.5,1
27-04-2025 17:05,33,58.2,1
27-04-2025 17:10,32.3,68.7,0
27-04-2025 17:15,31.4,59.4,0
27-04-2025 17:20,31.6,63.7,0
27-04-2025 17:25,34.8,68.4,0
27-04-2025 17:30,30.3,63.5,0
27-04-2025 17:35,31.4,63.8,0
27-04-2025 17:40,33.9,64.9,1
27-04-2025 17:45,32.4,61.6,1
27-04-2025 17:50,34.5,61.7,1
27-04-2025 17:55,31.6,68.4,0
27-04-2025 18:00,27.6,76.2,0
27-04-2025 18:05,29.7,78.5,0
27-04-2025 18:10,29.9,73.8,0
27-04-2025 18:15,28.8,71.2,0
27-04-2025 18:20,28.5,71.2,0
27-04-2025 18:25,29.7,70,0
27-04-2025 18:30,26.2,77,0
27-04-2025 18:35,28.2,75.6,0
27-04-2025 18:40,28.7,77.8,0
27-04-2025 18:45,29.2,79.4,0
27-04-2025 18:50,27.6,72.3,0
27-04-2025 18:55,28.2,78.2,0
27-04-2025 19:00,26.2,70.1,0
27-04-2025 19:05,28.6,71,0
27-04-2025 19:10,29.8,77.5,0
27-04-2025 19:15,26.6,73.3,0
27-04-2025 19:20,28.3,77.5,0
27-04-2025 19:25,28.9,71.4,0
27-04-2025 19:30,28.1,74.5,0
27-04-2025 19:35,28.9,70.8,0
27-04-2025 19:40,27.9,71.9,0
27-04-2025 19:45,29.9,74.5,0
27-04-2025 19:50,28.2,73,0
27-04-2025 19:55,27.7,74.1,0
27-04-2025 20:00,29,76.5,0
27-04-2025 20:05,27,78.8,0
27-04-2025 20:10,26,76,0
27-04-2025 20:15,28.9,71.1,0
27-04-2025 20:20,30,72.2,0
27-04-2025 20:25,30,72.3,0
27-04-2025 20:30,29.1,72.2,0
27-04-2025 20:35,26.3,75.1,0
27-04-2025 20:40,29,78.1,0
27-04-2025 20:45,29.9,72.4,0
27-04-2025 20:50,27.4,76.1,0
27-04-2025 20:55,27.2,79.6,0
27-04-2025 21:00,27.1,71.3,0
27-04-2025 21:05,29.5,74,0
27-04-2025 21:10,26.1,74,0
27-04-2025 21:15,26.3,79.4,0
27-04-2025 21:20,27.5,78.1,0
27-04-2025 21:25,26.9,72.2,0
27-04-2025 21:30,27.4,71.3,0
27-04-2025 21:35,26.2,71.6,0
27-04-2025 21:40,27.4,76.6,0
27-04-2025 21:45,26.8,75.4,0
27-04-2025 21:50,28.2,76.5,0
27-04-2025 21:55,27.9,71,0
27-04-2025 22:00,27.7,77,0
27-04-2025 22:05,27.8,75,0
27-04-2025 22:10,26.9,75.7,0
27-04-2025 22:15,29.2,72.8,0
27-04-2025 22:20,26.9,76.2,0
27-04-2025 22:25,29.9,73.3,0
27-04-2025 22:30,26.5,71.4,0
27-04-2025 22:35,28.7,74.1,0
27-04-2025 22:40,27.1,76.1,0
27-04-2025 22:45,29.9,72.3,0
27-04-2025 22:50,29.8,78.7,0
27-04-2025 22:55,26.6,73,0
27-04-2025 23:00,27.7,74.5,0
27-04-2025 23:05,28.2,78.7,0
27-04-2025 23:10,26.5,74.8,0
27-04-2025 23:15,27.5,72.5,0
27-04-2025 23:20,26.6,79.1,0
27-04-2025 23:25,26.2,71.4,0
27-04-2025 23:30,26.1,72.4,0
27-04-2025 23:35,27.2,73.8,0
27-04-2025 23:40,29.2,79.6,0
27-04-2025 23:45,28.4,77.7,0
27-04-2025 23:50,29.8,78.3,0
27-04-2025 23:55,26.4,72.8,0
28-04-2025 00:00,25.2,84.6,0
28-04-2025 00:05,25.5,81.6,0
28-04-2025 00:10,25.6,82.6,0
28-04-2025 00:15,26.2,82.6,0
28-04-2025 00:20,24.9,84.2,0
28-04-2025 00:25,24.7,83.2,0
28-04-2025 00:30,25.6,83,0
28-04-2025 00:35,26.2,77.4,0
28-04-2025 00:40,24.8,79.5,0
28-04-2025 00:45,25.9,78.9,0
28-04-2025 00:50,26.9,81.3,0
28-04-2025 00:55,24.2,82.7,0
28-04-2025 01:00,26,77.4,0
28-04-2025 01:05,24.7,80.5,0
28-04-2025 01:10,25.9,77.6,0
28-04-2025 01:15,25.6,76.2,0
28-04-2025 01:20,24.1,75.9,0
28-04-2025 01:25,26.4,81.6,0
28-04-2025 01:30,24.5,82.7,0
28-04-2025 01:35,27,84.2,0
28-04-2025 01:40,26.3,80,0
28-04-2025 01:45,26.5,76,0
28-04-2025 01:50,26.5,81.2,0
28-04-2025 01:55,26,82.4,0
28-04-2025 02:00,26.6,78,0
28-04-2025 02:05,25.9,75.6,0
28-04-2025 02:10,26.7,81.6,0
28-04-2025 02:15,26.3,78.9,0
28-04-2025 02:20,24.4,75.9,0
28-04-2025 02:25,25,75.7,0
28-04-2025 02:30,24.5,84.2,0
28-04-2025 02:35,26.8,82.1,0
28-04-2025 02:40,25.8,80.8,0
28-04-2025 02:45,26.5,80.5,0
28-04-2025 02:50,24.3,82.1,0
28-04-2025 02:55,26.7,84.5,0
28-04-2025 03:00,24.3,78.5,0
28-04-2025 03:05,25.3,82.8,0
28-04-2025 03:10,24.2,75.3,0
28-04-2025 03:15,24.8,77.8,0
28-04-2025 03:20,25,75.2,0
28-04-2025 03:25,25.6,76.1,0
28-04-2025 03:30,24.1,76.9,0
28-04-2025 03:35,25.7,77.7,0
28-04-2025 03:40,24.9,84.5,0
28-04-2025 03:45,25.4,81.4,0
28-04-2025 03:50,25.5,82.1,0
28-04-2025 03:55,27,82.3,0
28-04-2025 04:00,26.4,78.7,0
28-04-2025 04:05,26.4,76,0
28-04-2025 04:10,26.4,77.8,0
28-04-2025 04:15,25.7,80.6,0
28-04-2025 04:20,24.4,82.5,0
28-04-2025 04:25,25.8,84.2,0
28-04-2025 04:30,24.1,79.3,0
28-04-2025 04:35,24.9,83.8,0
28-04-2025 04:40,24.4,75.4,0
28-04-2025 04:45,25.4,81.5,0
28-04-2025 04:50,26.1,82.9,0
28-04-2025 04:55,24.9,77.9,0
28-04-2025 05:00,24.8,80.5,0
28-04-2025 05:05,25.9,81.3,0
28-04-2025 05:10,26.8,78.8,0
28-04-2025 05:15,26.6,77.2,0
28-04-2025 05:20,25.7,75.2,0
28-04-2025 05:25,26.9,84.1,0
28-04-2025 05:30,26.9,83.4,0
28-04-2025 05:35,24.9,76.4,0
28-04-2025 05:40,25.4,78,0
28-04-2025 05:45,25.7,75.7,0
28-04-2025 05:50,24.5,77.5,0
28-04-2025 05:55,25.2,82.7,0
28-04-2025 06:00,29.2,69.8,0
28-04-2025 06:05,32.7,66.7,0
28-04-2025 06:10,30.4,69,0
28-04-2025 06:15,32.9,65.6,0
28-04-2025 06:20,28.8,70.6,0
28-04-2025 06:25,29.3,68.4,0
28-04-2025 06:30,29.4,68.6,0
28-04-2025 06:35,32.4,68.8,0
28-04-2025 06:40,27.4,66.8,0
28-04-2025 06:45,27.2,68.8,0
28-04-2025 06:50,28.3,65.9,0
28-04-2025 06:55,29,71.3,0
28-04-2025 07:00,31.9,69.4,0
28-04-2025 07:05,31.1,73.9,0
28-04-2025 07:10,30,66.7,0
28-04-2025 07:15,28.1,74.6,0
28-04-2025 07:20,31.3,74.2,0
28-04-2025 07:25,30.8,66.2,0
28-04-2025 07:30,32.8,65.7,0
28-04-2025 07:35,27.1,74.5,0
28-04-2025 07:40,31.8,72.3,0
28-04-2025 07:45,32.9,68.1,0
28-04-2025 07:50,29.1,70,0
28-04-2025 07:55,32,72.5,0
28-04-2025 08:00,31.8,67.3,0
28-04-2025 08:05,28.7,65.7,0
28-04-2025 08:10,30.2,65.4,0
28-04-2025 08:15,32.3,71.5,0
28-04-2025 08:20,28.3,73.7,0
28-04-2025 08:25,29.8,73.9,0
28-04-2025 08:30,30.1,73.1,0
28-04-2025 08:35,28.6,74.4,0
28-04-2025 08:40,28,65.2,0
28-04-2025 08:45,31.2,65,0
28-04-2025 08:50,30.1,68.3,0
28-04-2025 08:55,31.1,68.2,0
28-04-2025 09:00,29.1,70.2,0
28-04-2025 09:05,31.7,71.4,0
28-04-2025 09:10,30.6,71.1,0
28-04-2025 09:15,27.3,67.9,0
28-04-2025 09:20,31.7,66.2,0
28-04-2025 09:25,32.3,73.7,0
28-04-2025 09:30,28.1,66.2,0
28-04-2025 09:35,27.2,65,0
28-04-2025 09:40,31.1,74.8,0
28-04-2025 09:45,28.7,68.4,0
28-04-2025 09:50,30,74.5,0
28-04-2025 09:55,27.4,74.1,0
28-04-2025 10:00,32.6,65.1,0
28-04-2025 10:05,28.7,72.9,0
28-04-2025 10:10,32.8,73.5,0
28-04-2025 10:15,32.4,72.4,0
28-04-2025 10:20,29.8,70.3,0
28-04-2025 10:25,29.8,69.1,0
28-04-2025 10:30,27.2,69.8,0
28-04-2025 10:35,30.5,74.1,0
28-04-2025 10:40,28.2,70.8,0
28-04-2025 10:45,28.8,71,0
28-04-2025 10:50,32.5,74.1,0
28-04-2025 10:55,29.3,66.5,0
28-04-2025 11:00,31,72.6,0
28-04-2025 11:05,28.7,69.2,0
28-04-2025 11:10,31.9,65.5,0
28-04-2025 11:15,27.5,71.2,0
28-04-2025 11:20,31.9,72.1,0
28-04-2025 11:25,28.3,65.7,0
28-04-2025 11:30,27,69.7,0
28-04-2025 11:35,32.1,71.6,0
28-04-2025 11:40,30.2,71.6,0
28-04-2025 11:45,30.2,66,0
28-04-2025 11:50,31.7,74.7,0
28-04-2025 11:55,27.8,72.5,0
28-04-2025 12:00,30.3,57.6,0
28-04-2025 12:05,30.5,58.7,0
28-04-2025 12:10,33.9,66.4,0
28-04-2025 12:15,32.5,56.7,1
28-04-2025 12:20,31.7,56.7,0
28-04-2025 12:25,34.1,69.9,0
28-04-2025 12:30,32.5,64.3,1
28-04-2025 12:35,31.7,59.5,0
28-04-2025 12:40,33.2,57.2,1
28-04-2025 12:45,33.4,58.1,1
28-04-2025 12:50,30.7,67.3,0
28-04-2025 12:55,34.6,58.1,1
28-04-2025 13:00,32.6,67.8,0
28-04-2025 13:05,30.5,59.4,0
28-04-2025 13:10,30.9,57.6,0
28-04-2025 13:15,31.2,62.4,0
28-04-2025 13:20,33.3,61,1
28-04-2025 13:25,33.5,58.7,1
28-04-2025 13:30,30.6,66.1,0
28-04-2025 13:35,33,64.6,1
28-04-2025 13:40,33.8,55.6,1
28-04-2025 13:45,33.3,56.4,1
28-04-2025 13:50,31.1,64.3,0
28-04-2025 13:55,30.3,64.4,0
28-04-2025 14:00,31.1,65.2,0
28-04-2025 14:05,32.6,61.6,1
28-04-2025 14:10,35,66.9,0
28-04-2025 14:15,34.4,69,0
28-04-2025 14:20,31.7,68.8,0
28-04-2025 14:25,33.9,58.7,1
28-04-2025 14:30,31.7,57.4,0
28-04-2025 14:35,34.8,68.7,0
28-04-2025 14:40,32.7,56.8,1
28-04-2025 14:45,30.3,63.2,0
28-04-2025 14:50,33.3,64.1,1
28-04-2025 14:55,30.5,55.9,0
28-04-2025 15:00,34.9,64.3,1
28-04-2025 15:05,33.8,58,1
28-04-2025 15:10,33.8,57.3,1
28-04-2025 15:15,34.3,56.3,1
28-04-2025 15:20,32.4,64,1
28-04-2025 15:25,35,64.1,1
28-04-2025 15:30,30.9,64.2,0
28-04-2025 15:35,30.5,62.2,0
28-04-2025 15:40,32.4,55.3,1
28-04-2025 15:45,32.1,59.2,1
28-04-2025 15:50,33.5,66.7,0
28-04-2025 15:55,30.2,60.4,0
28-04-2025 16:00,30.3,62.2,0
28-04-2025 16:05,34.8,68.5,0
28-04-2025 16:10,31.4,66.4,0
28-04-2025 16:15,32.8,66.6,0
28-04-2025 16:20,32.6,65.5,0
28-04-2025 16:25,32.2,61.3,1
28-04-2025 16:30,32.2,56.1,1
28-04-2025 16:35,30.2,55.3,0
28-04-2025 16:40,34.1,68.6,0
28-04-2025 16:45,35,58,1
28-04-2025 16:50,31.1,66.9,0
28-04-2025 16:55,33.6,61.5,1
28-04-2025 17:00,31,68.1,0
28-04-2025 17:05,32.4,56.4,1
28-04-2025 17:10,31.2,56.2,0
28-04-2025 17:15,32.4,66.8,0
28-04-2025 17:20,32.4,65.7,0
28-04-2025 17:25,32.3,61.9,1
28-04-2025 17:30,34.6,68.4,0
28-04-2025 17:35,33.1,66.9,0
28-04-2025 17:40,31.5,68.6,0
28-04-2025 17:45,30.7,58.3,0
28-04-2025 17:50,31.8,56.2,0
28-04-2025 17:55,33.3,60.8,1
28-04-2025 18:00,29.7,76.1,0
28-04-2025 18:05,28.7,73.1,0
28-04-2025 18:10,28.3,77.1,0
28-04-2025 18:15,29.6,78.9,0
28-04-2025 18:20,28.2,77.4,0
28-04-2025 18:25,29.1,72.4,0
28-04-2025 18:30,26.1,71.9,0
28-04-2025 18:35,26.2,72,0
28-04-2025 18:40,27.1,73.3,0
28-04-2025 18:45,27.2,79.3,0
28-04-2025 18:50,29.1,74.3,0
28-04-2025 18:55,29.8,77,0
28-04-2025 19:00,26.7,79.8,0
28-04-2025 19:05,30,73.9,0
28-04-2025 19:10,26,71.4,0
28-04-2025 19:15,26.7,75.9,0
28-04-2025 19:20,27.9,75,0
28-04-2025 19:25,29.1,73.3,0
28-04-2025 19:30,26,71.4,0
28-04-2025 19:35,26.5,76.3,0
28-04-2025 19:40,29.2,74.6,0
28-04-2025 19:45,27.4,71.8,0
28-04-2025 19:50,27.6,78,0
28-04-2025 19:55,29.9,77.9,0
28-04-2025 20:00,29.7,71.1,0
28-04-2025 20:05,28.4,70.4,0
28-04-2025 20:10,29.8,73.8,0
28-04-2025 20:15,29.6,72.9,0
28-04-2025 20:20,28.8,73,0
28-04-2025 20:25,27.6,78.9,0
28-04-2025 20:30,27,72.4,0
28-04-2025 20:35,27.6,75.8,0
28-04-2025 20:40,26.6,70.5,0
28-04-2025 20:45,29.9,71.4,0
28-04-2025 20:50,27.9,74.6,0
28-04-2025 20:55,27.8,78.5,0
28-04-2025 21:00,29.4,74.3,0
28-04-2025 21:05,29.4,74.1,0
28-04-2025 21:10,29.4,74.6,0
28-04-2025 21:15,27.2,76.8,0
28-04-2025 21:20,27.3,79.9,0
28-04-2025 21:25,29.2,76.8,0
28-04-2025 21:30,29.8,77.5,0
28-04-2025 21:35,27.1,70.9,0
28-04-2025 21:40,26.8,74.4,0
28-04-2025 21:45,29.5,71.3,0
28-04-2025 21:50,27.6,73,0
28-04-2025 21:55,26.4,76.1,0
28-04-2025 22:00,27.3,76.5,0
28-04-2025 22:05,30,71.8,0
28-04-2025 22:10,29.2,74.4,0
28-04-2025 22:15,27.6,79.7,0
28-04-2025 22:20,29.2,72.4,0
28-04-2025 22:25,29.4,77.8,0
28-04-2025 22:30,27.6,70.7,0
28-04-2025 22:35,26.1,77.7,0
28-04-2025 22:40,29.1,74.3,0
28-04-2025 22:45,28.5,75.2,0
28-04-2025 22:50,27.8,78.8,0
28-04-2025 22:55,26.4,72.4,0
28-04-2025 23:00,28.6,71.4,0
28-04-2025 23:05,26.3,74.7,0
28-04-2025 23:10,26.9,76.5,0
28-04-2025 23:15,29.1,79.4,0
28-04-2025 23:20,27.9,80,0
28-04-2025 23:25,28,72.6,0
28-04-2025 23:30,26.8,79.7,0
28-04-2025 23:35,28.7,74.1,0
28-04-2025 23:40,28.5,72.4,0
28-04-2025 23:45,28.9,77,0
28-04-2025 23:50,28.3,79.7,0
28-04-2025 23:55,28.7,76.7,0
29-04-2025 00:00,24.1,84.4,0
29-04-2025 00:05,24.3,77.6,0
29-04-2025 00:10,25.4,83.3,0
29-04-2025 00:15,25.4,79.4,0
29-04-2025 00:20,26.6,82.8,0
29-04-2025 00:25,25.5,81.1,0
29-04-2025 00:30,25.5,75.1,0
29-04-2025 00:35,26.4,78.4,0
29-04-2025 00:40,24.2,84.1,0
29-04-2025 00:45,24,83.3,0
29-04-2025 00:50,26.2,79,0
29-04-2025 00:55,25.4,78.7,0
29-04-2025 01:00,24.6,83.2,0
29-04-2025 01:05,26.6,81,0
29-04-2025 01:10,25.7,81.6,0
29-04-2025 01:15,24.2,80.9,0
29-04-2025 01:20,25.9,76.6,0
29-04-2025 01:25,26.9,83.2,0
29-04-2025 01:30,26.6,81.3,0
29-04-2025 01:35,24.4,78.1,0
29-04-2025 01:40,24.2,84.9,0
29-04-2025 01:45,25.7,81.4,0
29-04-2025 01:50,24.9,78.2,0
29-04-2025 01:55,26.3,79.4,0
29-04-2025 02:00,25,82.3,0
29-04-2025 02:05,25.8,77.5,0
29-04-2025 02:10,25.1,83.1,0
29-04-2025 02:15,25.7,79.2,0
29-04-2025 02:20,26.7,76,0
29-04-2025 02:25,24.7,75.8,0
29-04-2025 02:30,25.2,81.5,0
29-04-2025 02:35,26.2,78.9,0
29-04-2025 02:40,27,78,0
29-04-2025 02:45,24.4,84.7,0
29-04-2025 02:50,24.7,77,0
29-04-2025 02:55,26.5,78.6,0
29-04-2025 03:00,24.6,78,0
29-04-2025 03:05,24.4,80.2,0
29-04-2025 03:10,25.6,83.6,0
29-04-2025 03:15,25.8,84.8,0
29-04-2025 03:20,25.2,81.5,0
29-04-2025 03:25,25.1,76.8,0
29-04-2025 03:30,25.8,82.4,0
29-04-2025 03:35,27,81.4,0
29-04-2025 03:40,25.5,79.4,0
29-04-2025 03:45,24.4,83.3,0
29-04-2025 03:50,24.8,84.2,0
29-04-2025 03:55,26,80.9,0
29-04-2025 04:00,25.1,82.8,0
29-04-2025 04:05,26.4,77.7,0
29-04-2025 04:10,24.5,82.1,0
29-04-2025 04:15,24.6,80.8,0
29-04-2025 04:20,24.3,76.9,0
29-04-2025 04:25,24.9,75.1,0
29-04-2025 04:30,24.3,76,0
29-04-2025 04:35,25.5,83.4,0
29-04-2025 04:40,25.2,77.8,0
29-04-2025 04:45,24.4,79.9,0
29-04-2025 04:50,25.8,84.8,0
29-04-2025 04:55,25.5,75.6,0
29-04-2025 05:00,25.4,80.3,0
29-04-2025 05:05,26.6,83.1,0
29-04-2025 05:10,25.3,82.5,0
29-04-2025 05:15,25.9,81.5,0
29-04-2025 05:20,25.1,75.2,0
29-04-2025 05:25,24.8,76,0
29-04-2025 05:30,26.3,83.7,0
29-04-2025 05:35,24.4,80.4,0
29-04-2025 05:40,25.6,75.1,0
29-04-2025 05:45,25.2,76.8,0
29-04-2025 05:50,25,81.8,0
29-04-2025 05:55,25.3,75.3,0
29-04-2025 06:00,28.2,69.7,0
29-04-2025 06:05,32.3,71.7,0
29-04-2025 06:10,31.9,73.4,0
29-04-2025 06:15,32.9,70.7,0
29-04-2025 06:20,28.4,67.8,0
29-04-2025 06:25,31.4,69.1,0
29-04-2025 06:30,31.6,69.1,0
29-04-2025 06:35,27.5,70.8,0
29-04-2025 06:40,29.8,73.1,0
29-04-2025 06:45,30.8,68.1,0
29-04-2025 06:50,28.2,65.3,0
29-04-2025 06:55,27.4,71.5,0
29-04-2025 07:00,31.6,73.5,0
29-04-2025 07:05,31.6,72.9,0
29-04-2025 07:10,32.5,65.2,0
29-04-2025 07:15,32.8,68.1,0
29-04-2025 07:20,29.9,70.1,0
29-04-2025 07:25,31.4,73.9,0
29-04-2025 07:30,32.9,74.7,0
29-04-2025 07:35,32.1,65.1,0
29-04-2025 07:40,27.4,70.8,0
29-04-2025 07:45,28.7,70.6,0
29-04-2025 07:50,32.8,73.5,0
29-04-2025 07:55,31,70.9,0
29-04-2025 08:00,32.3,66.2,0
29-04-2025 08:05,29.9,67.7,0
29-04-2025 08:10,32.9,66.5,0
29-04-2025 08:15,30.5,67,0
29-04-2025 08:20,32,65.8,0
29-04-2025 08:25,29.2,70.7,0
29-04-2025 08:30,32.4,67.4,0
29-04-2025 08:35,28.1,67.7,0
29-04-2025 08:40,30.9,68.8,0
29-04-2025 08:45,27.3,66.8,0
29-04-2025 08:50,27.6,74.5,0
29-04-2025 08:55,32.8,65.3,0
29-04-2025 09:00,27.5,68.3,0
29-04-2025 09:05,27.1,67.4,0
29-04-2025 09:10,28.9,70.3,0
29-04-2025 09:15,31.4,65.3,0
29-04-2025 09:20,30.3,74.1,0
29-04-2025 09:25,28.2,73.2,0
29-04-2025 09:30,30.8,67.7,0
29-04-2025 09:35,27.1,66.9,0
29-04-2025 09:40,27.9,66.4,0
29-04-2025 09:45,32.6,71.6,0
29-04-2025 09:50,29.5,73.7,0
29-04-2025 09:55,31.1,73,0
29-04-2025 10:00,30.4,74.2,0
29-04-2025 10:05,31.1,69.4,0
29-04-2025 10:10,30.8,74.4,0
29-04-2025 10:15,27.7,73.2,0
29-04-2025 10:20,30.1,66.7,0
29-04-2025 10:25,31.8,70.2,0
29-04-2025 10:30,32.5,69.4,0
29-04-2025 10:35,29.5,69,0
29-04-2025 10:40,32.6,73.9,0
29-04-2025 10:45,27.4,68,0
29-04-2025 10:50,32.7,66.7,0
29-04-2025 10:55,32.4,70.8,0
29-04-2025 11:00,27.8,73.6,0
29-04-2025 11:05,32.7,75,0
29-04-2025 11:10,32.9,73.6,0
29-04-2025 11:15,31.7,71.7,0
29-04-2025 11:20,32.4,70.2,0
29-04-2025 11:25,31.2,65.5,0
29-04-2025 11:30,27.9,73.8,0
29-04-2025 11:35,28.2,73.8,0
29-04-2025 11:40,28,71.5,0
29-04-2025 11:45,32,69.2,0
29-04-2025 11:50,28.8,69.4,0
29-04-2025 11:55,27.2,73.2,0
29-04-2025 12:00,32.4,69.9,0
29-04-2025 12:05,30.4,66.8,0
29-04-2025 12:10,32.5,56.2,1
29-04-2025 12:15,31,62.6,0
29-04-2025 12:20,33.4,67.8,0
29-04-2025 12:25,31.3,63.1,0
29-04-2025 12:30,33.3,57.5,1
29-04-2025 12:35,34.1,55.9,1
29-04-2025 12:40,33,56.7,1
29-04-2025 12:45,34.1,61.7,1
29-04-2025 12:50,31.4,60,0
29-04-2025 12:55,32.1,64.1,1
29-04-2025 13:00,31.6,66.2,0
29-04-2025 13:05,30.6,63.9,0
29-04-2025 13:10,32.9,57.5,1
29-04-2025 13:15,34.2,66.4,0
29-04-2025 13:20,33,60.4,1
29-04-2025 13:25,30.7,65.8,0
29-04-2025 13:30,34.4,65.6,0
29-04-2025 13:35,32.2,64.3,1
29-04-2025 13:40,33,58.7,1
29-04-2025 13:45,31,64.7,0
29-04-2025 13:50,33.7,62.1,1
29-04-2025 13:55,31.5,55.3,0
29-04-2025 14:00,34.1,67.3,0
29-04-2025 14:05,32.4,66.6,0
29-04-2025 14:10,32.2,62.2,1
29-04-2025 14:15,34.1,67.1,0
29-04-2025 14:20,32.3,68.7,0
29-04-2025 14:25,31,61.4,0
29-04-2025 14:30,30.4,55.1,0
29-04-2025 14:35,34.2,60,1
29-04-2025 14:40,33.1,65.8,0
29-04-2025 14:45,31.7,64.3,0
29-04-2025 14:50,32.5,55.7,1
29-04-2025 14:55,31.4,59.6,0
29-04-2025 15:00,30.1,68.1,0
29-04-2025 15:05,34.1,59.9,1
29-04-2025 15:10,31.6,58.2,0
29-04-2025 15:15,30.7,57.1,0
29-04-2025 15:20,32.6,63.3,1
29-04-2025 15:25,30.2,63.6,0
29-04-2025 15:30,32.2,56.4,1
29-04-2025 15:35,30.6,55.7,0
29-04-2025 15:40,31.4,62.5,0
29-04-2025 15:45,33.8,66.1,0
29-04-2025 15:50,34,56.3,1
29-04-2025 15:55,34.7,69.5,0
29-04-2025 16:00,30,57.7,0
29-04-2025 16:05,33.7,68.3,0
29-04-2025 16:10,30.7,69.3,0
29-04-2025 16:15,30.9,59.1,0
29-04-2025 16:20,31.8,61.9,0
29-04-2025 16:25,34.6,68.8,0
29-04-2025 16:30,31.3,68.3,0
29-04-2025 16:35,31.7,60.9,0
29-04-2025 16:40,32.4,67,0
29-04-2025 16:45,31.9,57.2,0
29-04-2025 16:50,31.6,69.3,0
29-04-2025 16:55,30.9,57.1,0
29-04-2025 17:00,33.1,61.3,1
29-04-2025 17:05,31.9,63.3,0
29-04-2025 17:10,32.1,65.4,0
29-04-2025 17:15,31.5,65.6,0
29-04-2025 17:20,33.9,62.3,1
29-04-2025 17:25,33.7,59.7,1
29-04-2025 17:30,32.6,65.6,0
29-04-2025 17:35,32,66.3,0
29-04-2025 17:40,32.1,66.8,0
29-04-2025 17:45,33.4,63.4,1
29-04-2025 17:50,33.1,56.6,1
29-04-2025 17:55,30.8,68.9,0
29-04-2025 18:00,29.4,74.5,0
29-04-2025 18:05,26.5,73.6,0
29-04-2025 18:10,29.1,72.4,0
29-04-2025 18:15,27.1,75.9,0
29-04-2025 18:20,29.8,73.5,0
29-04-2025 18:25,28.4,74.1,0
29-04-2025 18:30,27.6,76.2,0
29-04-2025 18:35,29.9,78.1,0
29-04-2025 18:40,27.6,72.6,0
29-04-2025 18:45,29.5,71.5,0
29-04-2025 18:50,28.4,76.5,0
29-04-2025 18:55,26.8,71.5,0
29-04-2025 19:00,27.6,78.3,0
29-04-2025 19:05,26.6,78.4,0
29-04-2025 19:10,26.1,72.9,0
29-04-2025 19:15,28.1,72.4,0
29-04-2025 19:20,26.8,74.5,0
29-04-2025 19:25,29.3,72.6,0
29-04-2025 19:30,29.3,75.8,0
29-04-2025 19:35,27.4,77.2,0
29-04-2025 19:40,28.5,74.6,0
29-04-2025 19:45,26,70.3,0
29-04-2025 19:50,26.8,79.6,0
29-04-2025 19:55,27.2,74.6,0
29-04-2025 20:00,29.1,71.4,0
29-04-2025 20:05,29,75.6,0
29-04-2025 20:10,28,71.3,0
29-04-2025 20:15,27.7,70.5,0
29-04-2025 20:20,28.7,73.4,0
29-04-2025 20:25,26.4,75.7,0
29-04-2025 20:30,26.2,74.9,0
29-04-2025 20:35,27.3,73,0
29-04-2025 20:40,29.4,71.3,0
29-04-2025 20:45,27.3,70.1,0
29-04-2025 20:50,27,70.1,0
29-04-2025 20:55,27.8,79.5,0
29-04-2025 21:00,26.2,76.3,0
29-04-2025 21:05,28.2,78.3,0
29-04-2025 21:10,27.7,70.2,0
29-04-2025 21:15,27.3,78.9,0
29-04-2025 21:20,29.9,73.4,0
29-04-2025 21:25,28,77.1,0
29-04-2025 21:30,28,72.5,0
29-04-2025 21:35,29.1,78.5,0
29-04-2025 21:40,27.4,75.2,0
29-04-2025 21:45,29.8,79.1,0
29-04-2025 21:50,27.7,70.7,0
29-04-2025 21:55,27.5,79.1,0
29-04-2025 22:00,26.5,71.3,0
29-04-2025 22:05,29.8,75.9,0
29-04-2025 22:10,29.5,72.9,0
29-04-2025 22:15,29.1,71.4,0
29-04-2025 22:20,27.2,77.9,0
29-04-2025 22:25,26.8,71.7,0
29-04-2025 22:30,28.3,71.1,0
29-04-2025 22:35,27.6,75.2,0
29-04-2025 22:40,26.6,71.7,0
29-04-2025 22:45,26.3,75.1,0
29-04-2025 22:50,30,73.1,0
29-04-2025 22:55,28.3,70.5,0
29-04-2025 23:00,26.1,70.7,0
29-04-2025 23:05,26.9,76.4,0
29-04-2025 23:10,29.2,72.3,0
29-04-2025 23:15,29.1,76.2,0
29-04-2025 23:20,27.1,78.1,0
29-04-2025 23:25,29.9,72.6,0
29-04-2025 23:30,29.8,71.9,0
29-04-2025 23:35,26.3,73.9,0
29-04-2025 23:40,28,70,0
29-04-2025 23:45,26.5,70.8,0
29-04-2025 23:50,26.4,76,0
29-04-2025 23:55,27.6,75.1,0
30-04-2025 00:00,24.1,77.4,0
30-04-2025 00:05,24.1,83.3,0
30-04-2025 00:10,24.2,77.2,0
30-04-2025 00:15,26.6,80.5,0
30-04-2025 00:20,25.4,83.5,0
30-04-2025 00:25,26.6,84.6,0
30-04-2025 00:30,25,82.4,0
30-04-2025 00:35,24.4,82.2,0
30-04-2025 00:40,25.4,76,0
30-04-2025 00:45,26.6,76.7,0
30-04-2025 00:50,26.9,84.1,0
30-04-2025 00:55,26.1,77.6,0
30-04-2025 01:00,24.6,82,0
30-04-2025 01:05,25.5,78.7,0
30-04-2025 01:10,25.4,83.2,0
30-04-2025 01:15,25.8,84.8,0
30-04-2025 01:20,24.8,75.8,0
30-04-2025 01:25,26.7,80.7,0
30-04-2025 01:30,25.1,83.7,0
30-04-2025 01:35,24.6,75.6,0
30-04-2025 01:40,25.6,81.2,0
30-04-2025 01:45,26.3,84,0
30-04-2025 01:50,26.4,84.9,0
30-04-2025 01:55,24.7,75.5,0
30-04-2025 02:00,26,77.2,0
30-04-2025 02:05,25.1,83,0
30-04-2025 02:10,24.1,77.2,0
30-04-2025 02:15,24.2,78.2,0
30-04-2025 02:20,25.4,84.7,0
30-04-2025 02:25,24.5,80.5,0
30-04-2025 02:30,24.5,78.8,0
30-04-2025 02:35,26,78,0
30-04-2025 02:40,26,79.1,0
30-04-2025 02:45,24.4,75.7,0
30-04-2025 02:50,25.2,83.9,0
30-04-2025 02:55,27,83.1,0
30-04-2025 03:00,26.2,77.9,0
30-04-2025 03:05,25.2,81.4,0
30-04-2025 03:10,26.9,76.3,0
30-04-2025 03:15,26.9,82.6,0
30-04-2025 03:20,25.6,81.9,0
30-04-2025 03:25,24.3,80.7,0
30-04-2025 03:30,24.5,77.9,0
30-04-2025 03:35,25.6,75.8,0
30-04-2025 03:40,26.2,84.3,0
30-04-2025 03:45,26.3,79.2,0
30-04-2025 03:50,25.5,80.9,0
30-04-2025 03:55,26.1,81.2,0
30-04-2025 04:00,25.9,76.4,0
30-04-2025 04:05,26.8,80,0
30-04-2025 04:10,26.8,83.3,0
30-04-2025 04:15,26.3,75.1,0
30-04-2025 04:20,24.1,76.1,0
30-04-2025 04:25,25.5,82.1,0
30-04-2025 04:30,25.7,79.2,0
30-04-2025 04:35,26.1,84.8,0
30-04-2025 04:40,26.6,80.9,0
30-04-2025 04:45,26.8,76.5,0
30-04-2025 04:50,26.4,84,0
30-04-2025 04:55,26.5,83.4,0
30-04-2025 05:00,24,82.1,0
30-04-2025 05:05,25.1,77.9,0
30-04-2025 05:10,26,84.6,0
30-04-2025 05:15,26.9,84.9,0
30-04-2025 05:20,25.7,80.5,0
30-04-2025 05:25,26.7,81,0
30-04-2025 05:30,26.1,83.7,0
30-04-2025 05:35,25.4,80.2,0
30-04-2025 05:40,25,79.8,0
30-04-2025 05:45,24.1,80,0
30-04-2025 05:50,25.6,75.9,0
30-04-2025 05:55,26.4,81.4,0
30-04-2025 06:00,29.5,68,0
30-04-2025 06:05,31.7,74.3,0
30-04-2025 06:10,29,68.5,0
30-04-2025 06:15,30.7,73.9,0
30-04-2025 06:20,27.3,69.8,0
30-04-2025 06:25,31.5,67.8,0
30-04-2025 06:30,31.6,73.2,0
30-04-2025 06:35,32,68,0
30-04-2025 06:40,32.6,73.3,0
30-04-2025 06:45,27.6,70.2,0
30-04-2025 06:50,28.1,72.9,0
30-04-2025 06:55,30.1,65.1,0
30-04-2025 07:00,31.1,65.9,0
30-04-2025 07:05,28.9,69.3,0
30-04-2025 07:10,29.9,72.4,0
30-04-2025 07:15,32.3,72.2,0
30-04-2025 07:20,32.8,73.7,0
30-04-2025 07:25,27.1,74.7,0
30-04-2025 07:30,31.6,72.9,0
30-04-2025 07:35,32.8,66.3,0
30-04-2025 07:40,31,68,0
30-04-2025 07:45,29.3,73.6,0
30-04-2025 07:50,32.7,73.5,0
30-04-2025 07:55,29,67.4,0
30-04-2025 08:00,31.1,67.2,0
30-04-2025 08:05,33,70.1,0
30-04-2025 08:10,31.6,72.3,0
30-04-2025 08:15,32.2,70.8,0
30-04-2025 08:20,30.5,72.9,0
30-04-2025 08:25,29.9,66.5,0
30-04-2025 08:30,30.4,66.7,0
30-04-2025 08:35,32.7,72.4,0
30-04-2025 08:40,27.2,70.3,0
30-04-2025 08:45,29.1,71.7,0
30-04-2025 08:50,32.1,70.3,0
30-04-2025 08:55,31,72.9,0
30-04-2025 09:00,27.9,66.1,0
30-04-2025 09:05,30,75,0
30-04-2025 09:10,30.2,67.7,0
30-04-2025 09:15,27.5,70.9,0
30-04-2025 09:20,31.6,73,0
30-04-2025 09:25,32.9,71.7,0
30-04-2025 09:30,32.4,68.4,0
30-04-2025 09:35,31.7,68.1,0
30-04-2025 09:40,30.1,68.5,0
30-04-2025 09:45,30.7,72.6,0
30-04-2025 09:50,28.8,67.4,0
30-04-2025 09:55,28.6,74.6,0
30-04-2025 10:00,30.3,67.8,0
30-04-2025 10:05,31.8,72.3,0
30-04-2025 10:10,30.2,70.4,0
30-04-2025 10:15,29.2,74,0
30-04-2025 10:20,28.1,74.4,0
30-04-2025 10:25,29.3,70.8,0
30-04-2025 10:30,28.8,68.5,0
30-04-2025 10:35,28.3,73.9,0
30-04-2025 10:40,29.8,65.8,0
30-04-2025 10:45,32.8,67.5,0
30-04-2025 10:50,28.7,66.7,0
30-04-2025 10:55,31.7,69.7,0
30-04-2025 11:00,32.3,69.5,0
30-04-2025 11:05,29.8,66.8,0
30-04-2025 11:10,29.8,69.1,0
30-04-2025 11:15,32.2,65,0
30-04-2025 11:20,27.1,67.4,0
30-04-2025 11:25,31.9,71.9,0
30-04-2025 11:30,28.4,66,0
30-04-2025 11:35,31.8,74.7,0
30-04-2025 11:40,32.6,65.6,0
30-04-2025 11:45,29.1,69.8,0
30-04-2025 11:50,29.9,72.6,0
30-04-2025 11:55,28.2,73.8,0
30-04-2025 12:00,33.9,60,1
30-04-2025 12:05,32.7,69.1,0
30-04-2025 12:10,34.5,58.2,1
30-04-2025 12:15,33,63.6,1
30-04-2025 12:20,32.8,59.9,1
30-04-2025 12:25,33.2,62.2,1
30-04-2025 12:30,30,62.2,0
30-04-2025 12:35,31.2,65,0
30-04-2025 12:40,32.6,62.4,1
30-04-2025 12:45,32.7,59.4,1
30-04-2025 12:50,31.1,57.6,0
30-04-2025 12:55,31.6,56.3,0
30-04-2025 13:00,33.2,69.9,0
30-04-2025 13:05,31.8,58.9,0
30-04-2025 13:10,32.9,65.9,0
30-04-2025 13:15,30.7,61.9,0
30-04-2025 13:20,32.2,64.2,1
30-04-2025 13:25,34.3,69.8,0
30-04-2025 13:30,34,65.1,0
30-04-2025 13:35,34.1,66.1,0
30-04-2025 13:40,32.1,58.3,1
30-04-2025 13:45,33.8,61.6,1
30-04-2025 13:50,32.2,67.1,0
30-04-2025 13:55,35,68.6,0
30-04-2025 14:00,33.6,65.9,0
30-04-2025 14:05,31.3,63.7,0
30-04-2025 14:10,31.2,62.6,0
30-04-2025 14:15,30.5,58,0
30-04-2025 14:20,30.5,56.7,0
30-04-2025 14:25,31.2,56,0
30-04-2025 14:30,32.3,57.3,1
30-04-2025 14:35,30.4,70,0
30-04-2025 14:40,34.8,55,1
30-04-2025 14:45,31.7,65,0
30-04-2025 14:50,31.4,67.3,0
30-04-2025 14:55,32.9,57.2,1
30-04-2025 15:00,30.9,65.6,0
30-04-2025 15:05,30,56.9,0
30-04-2025 15:10,30.4,55.1,0
30-04-2025 15:15,31.9,60.2,0
30-04-2025 15:20,32,62.8,1
30-04-2025 15:25,31.4,63.5,0
30-04-2025 15:30,32.4,59.5,1
30-04-2025 15:35,31.3,57.4,0
30-04-2025 15:40,32.2,68.2,0
30-04-2025 15:45,33.8,68.5,0
30-04-2025 15:50,30.3,56.1,0
30-04-2025 15:55,34.7,62.3,1
30-04-2025 16:00,30.8,55.8,0
30-04-2025 16:05,31.1,62.7,0
30-04-2025 16:10,34.9,62.2,1
30-04-2025 16:15,32.7,69.8,0
30-04-2025 16:20,32.3,67.9,0
30-04-2025 16:25,32.1,64.4,1
30-04-2025 16:30,34.5,58.5,1
30-04-2025 16:35,31.6,55.7,0
30-04-2025 16:40,33.7,61.4,1
30-04-2025 16:45,33,68.1,0
30-04-2025 16:50,31.9,62.8,0
30-04-2025 16:55,32.6,67.4,0
30-04-2025 17:00,32.8,62.1,1
30-04-2025 17:05,33.2,69,0
30-04-2025 17:10,34,65.5,0
30-04-2025 17:15,30.9,67.8,0
30-04-2025 17:20,34.9,66.2,0
30-04-2025 17:25,30.6,55.3,0
30-04-2025 17:30,31.1,61.4,0
30-04-2025 17:35,33.1,66.3,0
30-04-2025 17:40,32.3,69.5,0
30-04-2025 17:45,33.5,61.7,1
30-04-2025 17:50,33.9,68.3,0
30-04-2025 17:55,34.5,65.2,0
30-04-2025 18:00,26.9,70.4,0
30-04-2025 18:05,28,73.9,0
30-04-2025 18:10,27.2,74.6,0
30-04-2025 18:15,26.9,71.7,0
30-04-2025 18:20,26.7,74.3,0
30-04-2025 18:25,27.9,73.7,0
30-04-2025 18:30,29.7,74.4,0
30-04-2025 18:35,28.1,74.4,0
30-04-2025 18:40,26.9,75.4,0
30-04-2025 18:45,29.9,72.7,0
30-04-2025 18:50,28.4,72.3,0
30-04-2025 18:55,26.6,77.4,0
30-04-2025 19:00,29.5,78.6,0
30-04-2025 19:05,29.9,78.9,0
30-04-2025 19:10,27.2,73.1,0
30-04-2025 19:15,28.6,74.2,0
30-04-2025 19:20,29.1,73.6,0
30-04-2025 19:25,27.6,79.6,0
30-04-2025 19:30,28.9,78,0
30-04-2025 19:35,29.7,76.1,0
30-04-2025 19:40,26.6,72,0
30-04-2025 19:45,26.4,79,0
30-04-2025 19:50,29.9,72.7,0
30-04-2025 19:55,27.7,77.5,0
30-04-2025 20:00,29.3,76,0
30-04-2025 20:05,28.5,76.9,0
30-04-2025 20:10,29.7,78.3,0
30-04-2025 20:15,28.3,72.9,0
30-04-2025 20:20,29.9,78.2,0
30-04-2025 20:25,27.2,76.7,0
30-04-2025 20:30,26.7,80,0
30-04-2025 20:35,26.8,70.5,0
30-04-2025 20:40,26.3,74.4,0
30-04-2025 20:45,29.7,73.1,0
30-04-2025 20:50,26.1,75.9,0
30-04-2025 20:55,26.1,71.9,0
30-04-2025 21:00,29.7,77,0
30-04-2025 21:05,27.7,72.5,0
30-04-2025 21:10,26.2,72.9,0
30-04-2025 21:15,28.4,70.9,0
30-04-2025 21:20,26.2,75,0
30-04-2025 21:25,29.9,71.3,0
30-04-2025 21:30,27.4,74.6,0
30-04-2025 21:35,27.7,76.6,0
30-04-2025 21:40,29.7,76.8,0
30-04-2025 21:45,28.1,71.3,0
30-04-2025 21:50,29.6,73.5,0
30-04-2025 21:55,28.4,73.3,0
30-04-2025 22:00,27.1,75.6,0
30-04-2025 22:05,28.8,71.2,0
30-04-2025 22:10,29.3,71.9,0
30-04-2025 22:15,28.7,78,0
30-04-2025 22:20,29.7,78.3,0
30-04-2025 22:25,27.4,72.3,0
30-04-2025 22:30,28.9,74.5,0
30-04-2025 22:35,29.7,76.1,0
30-04-2025 22:40,27.7,74.1,0
30-04-2025 22:45,29,74.6,0
30-04-2025 22:50,29.7,74.9,0
30-04-2025 22:55,28.3,74.9,0
30-04-2025 23:00,27.4,75.2,0
30-04-2025 23:05,29.6,72.9,0
30-04-2025 23:10,27.7,73.4,0
30-04-2025 23:15,27.9,72.2,0
30-04-2025 23:20,29.2,70.1,0
30-04-2025 23:25,29.6,80,0
30-04-2025 23:30,28.8,74.5,0
30-04-2025 23:35,28.2,71.1,0
30-04-2025 23:40,27.7,79.6,0
30-04-2025 23:45,26.3,79.9,0
30-04-2025 23:50,26.2,73.7,0
30-04-2025 23:55,28.8,80,0
01-05-2025 00:00,24.2,77.3,0
01-05-2025 00:05,25.9,81.9,0
01-05-2025 00:10,26.2,82.1,0
01-05-2025 00:15,26,78.5,0
01-05-2025 00:20,26.3,80.5,0
01-05-2025 00:25,24.5,77.8,0
01-05-2025 00:30,24.2,79.3,0
01-05-2025 00:35,25.2,77.7,0
01-05-2025 00:40,25.4,77.4,0
01-05-2025 00:45,24.2,82.1,0
01-05-2025 00:50,26.7,78.1,0
01-05-2025 00:55,25.8,82.8,0
01-05-2025 01:00,25.1,83.8,0
01-05-2025 01:05,26.9,78.6,0
01-05-2025 01:10,26.9,76.5,0
01-05-2025 01:15,24,75.6,0
01-05-2025 01:20,24,82.8,0
01-05-2025 01:25,25.1,84.1,0
01-05-2025 01:30,24.1,80.8,0
01-05-2025 01:35,24.6,78.2,0
01-05-2025 01:40,24.9,83.5,0
01-05-2025 01:45,24.1,83,0
01-05-2025 01:50,25.1,75.1,0
01-05-2025 01:55,26.3,78,0
01-05-2025 02:00,24.7,81.8,0
01-05-2025 02:05,24.6,78.8,0
01-05-2025 02:10,26.3,81.8,0
01-05-2025 02:15,24.6,78.8,0
01-05-2025 02:20,24.7,80.3,0
01-05-2025 02:25,25.1,76.8,0
01-05-2025 02:30,24.7,84.6,0
01-05-2025 02:35,24.2,77.3,0
01-05-2025 02:40,26.9,76.5,0
01-05-2025 02:45,26.8,75.3,0
01-05-2025 02:50,26.7,75.6,0
01-05-2025 02:55,26,80.9,0
01-05-2025 03:00,26.3,78.5,0
01-05-2025 03:05,25.9,76.4,0
01-05-2025 03:10,25.2,81.4,0
01-05-2025 03:15,26.1,81.2,0
01-05-2025 03:20,24.8,76.1,0
01-05-2025 03:25,26.7,75.7,0
01-05-2025 03:30,26.3,81.9,0
01-05-2025 03:35,25.3,84.7,0
01-05-2025 03:40,24.3,76.7,0
01-05-2025 03:45,24.2,81,0
01-05-2025 03:50,25.6,76.6,0
01-05-2025 03:55,24.5,82,0
01-05-2025 04:00,25.8,76.6,0
01-05-2025 04:05,24.1,83.2,0
01-05-2025 04:10,25,82.8,0
01-05-2025 04:15,24.6,76.1,0
01-05-2025 04:20,25,81.9,0
01-05-2025 04:25,24.8,78,0
01-05-2025 04:30,24.9,80.5,0
01-05-2025 04:35,25.3,82.5,0
01-05-2025 04:40,24.6,85,0
01-05-2025 04:45,25.6,75.5,0
01-05-2025 04:50,25.8,77.3,0
01-05-2025 04:55,26.1,84.4,0
01-05-2025 05:00,25.3,80.2,0
01-05-2025 05:05,25.4,84.2,0
01-05-2025 05:10,26.5,82.6,0
01-05-2025 05:15,24.1,84.1,0
01-05-2025 05:20,26.9,82,0
01-05-2025 05:25,25.1,81.5,0
01-05-2025 05:30,25.6,75.9,0
01-05-2025 05:35,26.3,84.3,0
01-05-2025 05:40,24.3,75.3,0
01-05-2025 05:45,24.6,82,0
01-05-2025 05:50,25.2,83.3,0
01-05-2025 05:55,25.3,82,0
01-05-2025 06:00,28.6,72.8,0
01-05-2025 06:05,28.7,73.5,0
01-05-2025 06:10,32.4,73.7,0
01-05-2025 06:15,28,71,0
01-05-2025 06:20,30.7,74.1,0
01-05-2025 06:25,32.8,67.8,0
01-05-2025 06:30,31.3,72.4,0
01-05-2025 06:35,29.3,67.8,0
01-05-2025 06:40,27.5,71.8,0
01-05-2025 06:45,27.4,72.8,0
01-05-2025 06:50,31.9,74.9,0
01-05-2025 06:55,30,66.8,0
01-05-2025 07:00,27.7,73.7,0
01-05-2025 07:05,30.1,67.8,0
01-05-2025 07:10,32.7,74.2,0
01-05-2025 07:15,27.4,70.8,0
01-05-2025 07:20,30.8,72,0
01-05-2025 07:25,32.2,68.4,0
01-05-2025 07:30,28.6,71.8,0
01-05-2025 07:35,27.3,74.9,0
01-05-2025 07:40,30.1,74.6,0
01-05-2025 07:45,28.5,65.2,0
01-05-2025 07:50,31.1,65.2,0
01-05-2025 07:55,27.9,67.6,0
01-05-2025 08:00,31.9,73.3,0
01-05-2025 08:05,32.5,74.3,0
01-05-2025 08:10,32.9,66,0
01-05-2025 08:15,30.6,74.8,0
01-05-2025 08:20,30.9,66.4,0
01-05-2025 08:25,29.5,67.5,0
01-05-2025 08:30,31.9,69.2,0
01-05-2025 08:35,29.3,72.2,0
01-05-2025 08:40,28.7,65.1,0
01-05-2025 08:45,29.6,68.9,0
01-05-2025 08:50,31.7,69.5,0
01-05-2025 08:55,27.4,67.6,0
01-05-2025 09:00,29.8,69.8,0
01-05-2025 09:05,29.6,74.2,0
01-05-2025 09:10,28.6,74.2,0
01-05-2025 09:15,27.4,72,0
01-05-2025 09:20,30.6,66.3,0
01-05-2025 09:25,28.5,73.8,0
01-05-2025 09:30,28.7,72.5,0
01-05-2025 09:35,32.8,71.9,0
01-05-2025 09:40,30,66.5,0
01-05-2025 09:45,27.3,71.7,0
01-05-2025 09:50,28.1,70.2,0
01-05-2025 09:55,30,69.8,0
01-05-2025 10:00,31.6,67.1,0
01-05-2025 10:05,31.1,69.8,0
01-05-2025 10:10,28.3,66.8,0
01-05-2025 10:15,30.8,66.4,0
01-05-2025 10:20,27.9,68.2,0
01-05-2025 10:25,29.5,75,0
01-05-2025 10:30,31.3,74.8,0
01-05-2025 10:35,29.6,73.3,0
01-05-2025 10:40,30.6,65.3,0
01-05-2025 10:45,28.4,71.7,0
01-05-2025 10:50,31.8,70.1,0
01-05-2025 10:55,27.7,66.1,0
01-05-2025 11:00,30.6,69.5,0
01-05-2025 11:05,30.9,70,0
01-05-2025 11:10,29.1,65.2,0
01-05-2025 11:15,32.8,68.6,0
01-05-2025 11:20,32.3,69.2,0
01-05-2025 11:25,30.9,66.2,0
01-05-2025 11:30,32.2,68.6,0
01-05-2025 11:35,33,66.9,0
01-05-2025 11:40,31.1,72.3,0
01-05-2025 11:45,31.8,73.7,0
01-05-2025 11:50,28.4,68.6,0
01-05-2025 11:55,28.7,66.1,0
01-05-2025 12:00,31.9,60.4,0
01-05-2025 12:05,33.2,62.3,1
01-05-2025 12:10,32.3,57.3,1
01-05-2025 12:15,31.4,58.5,0
01-05-2025 12:20,30,59.8,0
01-05-2025 12:25,33.9,60.3,1
01-05-2025 12:30,30.3,57.1,0
01-05-2025 12:35,31.4,56.3,0
01-05-2025 12:40,31.4,66.6,0
01-05-2025 12:45,30.4,59.9,0
01-05-2025 12:50,32.7,55.6,1
01-05-2025 12:55,32.3,68.8,0
01-05-2025 13:00,34.7,55.7,1
01-05-2025 13:05,31.2,61.7,0
01-05-2025 13:10,30.7,60.5,0
01-05-2025 13:15,30.2,66.1,0
01-05-2025 13:20,33,61.3,1
01-05-2025 13:25,31.1,67.9,0
01-05-2025 13:30,32.9,66.8,0
01-05-2025 13:35,31.7,69.2,0
01-05-2025 13:40,33.3,56,1
01-05-2025 13:45,33.5,58,1
01-05-2025 13:50,31.4,63.7,0
01-05-2025 13:55,32.2,60,1
01-05-2025 14:00,30.4,63.7,0
01-05-2025 14:05,30.6,69.3,0
01-05-2025 14:10,31.1,61.3,0
01-05-2025 14:15,30.3,69.3,0
01-05-2025 14:20,34.4,55.8,1
01-05-2025 14:25,34.9,66.6,0
01-05-2025 14:30,31.4,58.2,0
01-05-2025 14:35,32.6,62.8,1
01-05-2025 14:40,33,58.6,1
01-05-2025 14:45,32.8,57.6,1
01-05-2025 14:50,31.4,65.8,0
01-05-2025 14:55,33.1,64.2,1
01-05-2025 15:00,34.9,55.1,1
01-05-2025 15:05,33.4,66.2,0
01-05-2025 15:10,32.8,66.3,0
01-05-2025 15:15,33.4,59.9,1
01-05-2025 15:20,31,67.4,0
01-05-2025 15:25,33.1,66.4,0
01-05-2025 15:30,32.5,65,1
01-05-2025 15:35,34.5,67.5,0
01-05-2025 15:40,30.7,69.4,0
01-05-2025 15:45,34.9,68.8,0
01-05-2025 15:50,34.9,60.4,1
01-05-2025 15:55,31.3,58.1,0
01-05-2025 16:00,32.8,63.2,1
01-05-2025 16:05,31.2,64,0
01-05-2025 16:10,32.1,60.5,1
01-05-2025 16:15,33,69.4,0
01-05-2025 16:20,32.1,57.4,1
01-05-2025 16:25,32.9,57.1,1
01-05-2025 16:30,33.4,57.9,1
01-05-2025 16:35,33.9,59.5,1
01-05-2025 16:40,30.3,59.1,0
01-05-2025 16:45,33.3,59.7,1
01-05-2025 16:50,33.8,61,1
01-05-2025 16:55,31.2,64.8,0
01-05-2025 17:00,30.8,59.3,0
01-05-2025 17:05,32,69.4,0
01-05-2025 17:10,33.7,58.2,1
01-05-2025 17:15,30.2,56.3,0
01-05-2025 17:20,34.3,55.8,1
01-05-2025 17:25,32.8,58.4,1
01-05-2025 17:30,31.5,55.9,0
01-05-2025 17:35,34.2,63.7,1
01-05-2025 17:40,34,57.4,1
01-05-2025 17:45,31.2,65.5,0
01-05-2025 17:50,34.7,56.3,1
01-05-2025 17:55,31.8,62.8,0
01-05-2025 18:00,27.5,73.8,0
01-05-2025 18:05,28.4,70.7,0
01-05-2025 18:10,29.2,74.7,0
01-05-2025 18:15,26.9,79.3,0
01-05-2025 18:20,27.7,77.4,0
01-05-2025 18:25,26.8,79.6,0
01-05-2025 18:30,28.4,71.9,0
01-05-2025 18:35,27,73.7,0
01-05-2025 18:40,28.4,73.2,0
01-05-2025 18:45,29.1,78.4,0
01-05-2025 18:50,26.2,77.6,0
01-05-2025 18:55,29.2,74,0
01-05-2025 19:00,29.6,75.5,0
01-05-2025 19:05,26.8,72.7,0
01-05-2025 19:10,27.7,77.7,0
01-05-2025 19:15,29.6,74.1,0
01-05-2025 19:20,28.4,73.9,0
01-05-2025 19:25,28.6,74.2,0
01-05-2025 19:30,27.9,74.4,0
01-05-2025 19:35,29.7,78.3,0
01-05-2025 19:40,29.5,78.2,0
01-05-2025 19:45,26.6,78,0
01-05-2025 19:50,29.7,70.9,0
01-05-2025 19:55,28.2,78.3,0
01-05-2025 20:00,28.7,72.9,0
01-05-2025 20:05,27.1,79.6,0
01-05-2025 20:10,26.6,79.5,0
01-05-2025 20:15,28.8,78.6,0
01-05-2025 20:20,28.1,73.6,0
01-05-2025 20:25,28.3,76.1,0
01-05-2025 20:30,28.9,77.7,0
01-05-2025 20:35,29.5,72.2,0
01-05-2025 20:40,28.6,71.1,0
01-05-2025 20:45,28.1,75.9,0
01-05-2025 20:50,27.2,73.3,0
01-05-2025 20:55,28.8,71.6,0
01-05-2025 21:00,29.3,76.6,0
01-05-2025 21:05,26.3,71,0
01-05-2025 21:10,28.7,72.7,0
01-05-2025 21:15,26.7,72.4,0
01-05-2025 21:20,29.7,76.1,0
01-05-2025 21:25,28.4,72.3,0
01-05-2025 21:30,27.6,71.6,0
01-05-2025 21:35,28.9,71.8,0
01-05-2025 21:40,27.7,75.2,0
01-05-2025 21:45,27.9,72.1,0
01-05-2025 21:50,29.5,76.3,0
01-05-2025 21:55,28.8,76.1,0
01-05-2025 22:00,27.3,77.5,0
01-05-2025 22:05,27.7,76.2,0
01-05-2025 22:10,28.6,71.2,0
01-05-2025 22:15,28.8,77.6,0
01-05-2025 22:20,30,79.8,0
01-05-2025 22:25,26.8,75.7,0
01-05-2025 22:30,26.4,73.1,0
01-05-2025 22:35,29,71.8,0
01-05-2025 22:40,27.8,77,0
01-05-2025 22:45,29,77.8,0
01-05-2025 22:50,28.6,79.9,0
01-05-2025 22:55,28.7,76.4,0
01-05-2025 23:00,27.2,76,0
01-05-2025 23:05,27.4,76.4,0
01-05-2025 23:10,26.2,70.2,0
01-05-2025 23:15,29.7,79.8,0
01-05-2025 23:20,26,73.8,0
01-05-2025 23:25,29.4,75.6,0
01-05-2025 23:30,28.5,77.6,0
01-05-2025 23:35,29.9,77.3,0
01-05-2025 23:40,29.4,77.1,0
01-05-2025 23:45,29.7,73.3,0
01-05-2025 23:50,29.9,75.6,0
01-05-2025 23:55,29.7,75.4,0
02-05-2025 00:00,24.1,80.6,0
02-05-2025 00:05,25.9,83.2,0
02-05-2025 00:10,25.5,77.6,0
02-05-2025 00:15,24.3,77.8,0
02-05-2025 00:20,25.1,83.6,0
02-05-2025 00:25,25.7,84.7,0
02-05-2025 00:30,26.1,75.2,0
02-05-2025 00:35,24,80.3,0
02-05-2025 00:40,26.6,84.9,0
02-05-2025 00:45,26.7,80.5,0
02-05-2025 00:50,26,75.2,0
02-05-2025 00:55,26.2,81.1,0
02-05-2025 01:00,25.8,79.8,0
02-05-2025 01:05,25.6,77.5,0
02-05-2025 01:10,26,75.5,0
02-05-2025 01:15,24.4,75.4,0
02-05-2025 01:20,24.1,76.6,0
02-05-2025 01:25,25,81.2,0
02-05-2025 01:30,26.3,84.1,0
02-05-2025 01:35,25.2,78.2,0
02-05-2025 01:40,25.2,81.9,0
02-05-2025 01:45,26.1,84.4,0
02-05-2025 01:50,26.5,82,0
02-05-2025 01:55,25.4,77.7,0
02-05-2025 02:00,26.2,80.6,0
02-05-2025 02:05,25.7,82.7,0
02-05-2025 02:10,26.7,80.4,0
02-05-2025 02:15,25.4,84.5,0
02-05-2025 02:20,25.8,83.6,0
02-05-2025 02:25,27,76.4,0
02-05-2025 02:30,26.7,78.2,0
02-05-2025 02:35,24.7,78.5,0
02-05-2025 02:40,25.8,84.1,0
02-05-2025 02:45,24.4,81.9,0
02-05-2025 02:50,25.1,76.6,0
02-05-2025 02:55,25.7,82.4,0
02-05-2025 03:00,25.8,84.6,0
02-05-2025 03:05,26.2,80.7,0
02-05-2025 03:10,26,80,0
02-05-2025 03:15,26.5,84.5,0
02-05-2025 03:20,24.2,77.1,0
02-05-2025 03:25,24.6,78.3,0
02-05-2025 03:30,24.3,79.2,0
02-05-2025 03:35,26.9,75.8,0
02-05-2025 03:40,26.4,83.9,0
02-05-2025 03:45,24.3,76.7,0
02-05-2025 03:50,25.4,80.7,0
02-05-2025 03:55,25.6,84.4,0
02-05-2025 04:00,24.4,84.1,0
02-05-2025 04:05,26.1,77.9,0
02-05-2025 04:10,25,83.8,0
02-05-2025 04:15,24.1,81.8,0
02-05-2025 04:20,25.4,80,0
02-05-2025 04:25,26.8,84.9,0
02-05-2025 04:30,26.7,75.7,0
02-05-2025 04:35,26.6,80.2,0
02-05-2025 04:40,25.5,83.2,0
02-05-2025 04:45,24.9,77.9,0
02-05-2025 04:50,25.7,82.6,0
02-05-2025 04:55,24.7,81.2,0
02-05-2025 05:00,24.8,76.3,0
02-05-2025 05:05,25.1,83.5,0
02-05-2025 05:10,25,75.3,0
02-05-2025 05:15,26.3,80.2,0
02-05-2025 05:20,26,76.8,0
02-05-2025 05:25,24.2,77,0
02-05-2025 05:30,24.4,76,0
02-05-2025 05:35,26.2,82,0
02-05-2025 05:40,26.3,75.3,0
02-05-2025 05:45,25.2,77.8,0
02-05-2025 05:50,26.1,83.1,0
02-05-2025 05:55,26.5,77.8,0
02-05-2025 06:00,32.8,71.5,0
02-05-2025 06:05,30.6,66.1,0
02-05-2025 06:10,30,67.7,0
02-05-2025 06:15,30.6,68,0
02-05-2025 06:20,27.2,68.9,0
02-05-2025 06:25,28,71.2,0
02-05-2025 06:30,27,66.9,0
02-05-2025 06:35,29.4,66.3,0
02-05-2025 06:40,31.2,65.8,0
02-05-2025 06:45,27.9,67.5,0
02-05-2025 06:50,32.4,73.9,0
02-05-2025 06:55,28,66.6,0
02-05-2025 07:00,29.7,68.1,0
02-05-2025 07:05,32.7,69.5,0
02-05-2025 07:10,28.8,66.7,0
02-05-2025 07:15,31.8,68.1,0
02-05-2025 07:20,29.8,69.6,0
02-05-2025 07:25,32.8,65.9,0
02-05-2025 07:30,27.6,65.7,0
02-05-2025 07:35,32.7,72.6,0
02-05-2025 07:40,29.7,67.5,0
02-05-2025 07:45,30,66,0
02-05-2025 07:50,28.2,65.2,0
02-05-2025 07:55,28.2,69.6,0
02-05-2025 08:00,30,68.3,0
02-05-2025 08:05,28.6,73,0
02-05-2025 08:10,30.9,72.9,0
02-05-2025 08:15,29.9,69.4,0
02-05-2025 08:20,27.8,70.6,0
02-05-2025 08:25,30.7,71.8,0
02-05-2025 08:30,27.9,68.6,0
02-05-2025 08:35,27.2,73.5,0
02-05-2025 08:40,29.4,71.7,0
02-05-2025 08:45,28,68.1,0
02-05-2025 08:50,27.9,67,0
02-05-2025 08:55,33,67.1,0
02-05-2025 09:00,27.1,69.1,0
02-05-2025 09:05,28.9,68.6,0
02-05-2025 09:10,31,71.3,0
02-05-2025 09:15,28.8,72.2,0
02-05-2025 09:20,27.6,74.8,0
02-05-2025 09:25,32.4,68,0
02-05-2025 09:30,30.7,69.8,0
02-05-2025 09:35,31.4,70,0
02-05-2025 09:40,28.5,70.9,0
02-05-2025 09:45,30.5,72,0
02-05-2025 09:50,28,66.8,0
02-05-2025 09:55,31.1,71.1,0
02-05-2025 10:00,27.3,73.6,0
02-05-2025 10:05,31.1,72.4,0
02-05-2025 10:10,28.3,67,0
02-05-2025 10:15,30.4,74.7,0
02-05-2025 10:20,31.1,71.7,0
02-05-2025 10:25,31.4,72.2,0
02-05-2025 10:30,31.6,71.9,0
02-05-2025 10:35,29.5,70.4,0
02-05-2025 10:40,31,66.1,0
02-05-2025 10:45,29.1,70.1,0
02-05-2025 10:50,27.6,72.9,0
02-05-2025 10:55,31.8,74.5,0
02-05-2025 11:00,28.7,68.9,0
02-05-2025 11:05,30.5,70.2,0
02-05-2025 11:10,31.8,74.9,0
02-05-2025 11:15,29.6,69.2,0
02-05-2025 11:20,27.5,71.4,0
02-05-2025 11:25,30.6,67.3,0
02-05-2025 11:30,28.9,70,0
02-05-2025 11:35,32.7,67,0
02-05-2025 11:40,30.8,71.7,0
02-05-2025 11:45,29.4,66.5,0
02-05-2025 11:50,30.3,66.5,0
02-05-2025 11:55,32,68.8,0
02-05-2025 12:00,32.3,61.2,1
02-05-2025 12:05,34.4,61.4,1
02-05-2025 12:10,31.7,57.8,0
02-05-2025 12:15,30.4,63.8,0
02-05-2025 12:20,34.3,63.9,1
02-05-2025 12:25,31.1,66.6,0
02-05-2025 12:30,30.8,57.4,0
02-05-2025 12:35,32,57.4,1
02-05-2025 12:40,34.4,59.7,1
02-05-2025 12:45,32.4,68.2,0
02-05-2025 12:50,34.6,55.8,1
02-05-2025 12:55,31.9,59.5,0
02-05-2025 13:00,33.4,58.4,1
02-05-2025 13:05,30,63.3,0
02-05-2025 13:10,30.1,57.4,0
02-05-2025 13:15,34.1,65,1
02-05-2025 13:20,32.3,57.9,1
02-05-2025 13:25,33.2,67.7,0
02-05-2025 13:30,34.4,65.2,0
02-05-2025 13:35,30.5,61.9,0
02-05-2025 13:40,31.9,55.4,0
02-05-2025 13:45,33.4,69.3,0
02-05-2025 13:50,35,68.5,0
02-05-2025 13:55,34.7,65.6,0
02-05-2025 14:00,31.2,61.7,0
02-05-2025 14:05,34.3,64.8,1
02-05-2025 14:10,33,60.6,1
02-05-2025 14:15,34.3,59.8,1
02-05-2025 14:20,33.8,69,0
02-05-2025 14:25,31.6,57.2,0
02-05-2025 14:30,30.7,57.6,0
02-05-2025 14:35,32.3,60,1
02-05-2025 14:40,30.4,68.9,0
02-05-2025 14:45,32.7,57.4,1
02-05-2025 14:50,31.5,58.7,0
02-05-2025 14:55,33.2,57.2,1
02-05-2025 15:00,31.6,70,0
02-05-2025 15:05,33.2,65.3,0
02-05-2025 15:10,32.5,57.8,1
02-05-2025 15:15,30.4,58.3,0
02-05-2025 15:20,33.9,60.6,1
02-05-2025 15:25,33.1,60.5,1
02-05-2025 15:30,34.2,66.4,0
02-05-2025 15:35,31.9,62.3,0
02-05-2025 15:40,32.7,61.6,1
02-05-2025 15:45,30.6,61.1,0
02-05-2025 15:50,34.6,56.8,1
02-05-2025 15:55,33.2,58.4,1
02-05-2025 16:00,32,65.8,0
02-05-2025 16:05,34.5,65.4,0
02-05-2025 16:10,33.5,64.3,1
02-05-2025 16:15,33.2,63.2,1
02-05-2025 16:20,34,66.6,0
02-05-2025 16:25,33.6,56.6,1
02-05-2025 16:30,33.2,67.9,0
02-05-2025 16:35,31.3,59.4,0
02-05-2025 16:40,33.2,63.2,1
02-05-2025 16:45,31.2,62.3,0
02-05-2025 16:50,32,56.8,0
02-05-2025 16:55,33.6,65.3,0
02-05-2025 17:00,32.3,62.7,1
02-05-2025 17:05,30.8,62.1,0
02-05-2025 17:10,32.8,59.8,1
02-05-2025 17:15,32.9,56.6,1
02-05-2025 17:20,34,59.4,1
02-05-2025 17:25,34.3,66.7,0
02-05-2025 17:30,34.2,58.7,1
02-05-2025 17:35,33.5,55.3,1
02-05-2025 17:40,32.5,56.8,1
02-05-2025 17:45,31.8,63.6,0
02-05-2025 17:50,30.7,63.3,0
02-05-2025 17:55,34.1,59.3,1
02-05-2025 18:00,29.3,74,0
02-05-2025 18:05,27.1,71.3,0
02-05-2025 18:10,27.8,79,0
02-05-2025 18:15,26.6,77.2,0
02-05-2025 18:20,26.9,72,0
02-05-2025 18:25,28.5,76.1,0
02-05-2025 18:30,28.2,74.9,0
02-05-2025 18:35,27.4,76.6,0
02-05-2025 18:40,27.5,78.2,0
02-05-2025 18:45,26.6,72.5,0
02-05-2025 18:50,27.8,78.2,0
02-05-2025 18:55,29.6,79.5,0
02-05-2025 19:00,27.7,71.2,0
02-05-2025 19:05,27.2,76.4,0
02-05-2025 19:10,26.4,71.4,0
02-05-2025 19:15,26.6,73.9,0
02-05-2025 19:20,28.8,79,0
02-05-2025 19:25,27.8,78.3,0
02-05-2025 19:30,28.3,70.4,0
02-05-2025 19:35,27.5,79,0
02-05-2025 19:40,28.9,79.7,0
02-05-2025 19:45,28.3,75,0
02-05-2025 19:50,26.2,74.6,0
02-05-2025 19:55,29.1,74.2,0
02-05-2025 20:00,26.8,79.5,0
02-05-2025 20:05,29.7,72.9,0
02-05-2025 20:10,28.4,78.1,0
02-05-2025 20:15,27.6,77.7,0
02-05-2025 20:20,26.9,79.3,0
02-05-2025 20:25,27.8,71.7,0
02-05-2025 20:30,29,77.7,0
02-05-2025 20:35,27.9,77.4,0
02-05-2025 20:40,28.5,78.1,0
02-05-2025 20:45,29.1,72.4,0
02-05-2025 20:50,26.2,74.6,0
02-05-2025 20:55,28.4,77.4,0
02-05-2025 21:00,26.5,79.2,0
02-05-2025 21:05,29,74.3,0
02-05-2025 21:10,26.9,75.6,0
02-05-2025 21:15,27.4,78.8,0
02-05-2025 21:20,29.2,77.4,0
02-05-2025 21:25,28.9,72.8,0
02-05-2025 21:30,29.6,79,0
02-05-2025 21:35,29,77.5,0
02-05-2025 21:40,26.8,80,0
02-05-2025 21:45,26.6,71.7,0
02-05-2025 21:50,27.5,78,0
02-05-2025 21:55,29.4,73.4,0
02-05-2025 22:00,26.5,79.6,0
02-05-2025 22:05,28.2,77.5,0
02-05-2025 22:10,29,77.5,0
02-05-2025 22:15,26.8,78,0
02-05-2025 22:20,26.9,76.3,0
02-05-2025 22:25,29.3,79.6,0
02-05-2025 22:30,29.5,76.9,0
02-05-2025 22:35,28.2,79.6,0
02-05-2025 22:40,26.7,77,0
02-05-2025 22:45,29.2,78.4,0
02-05-2025 22:50,29.4,79.2,0
02-05-2025 22:55,30,75.1,0
02-05-2025 23:00,29.5,70.9,0
02-05-2025 23:05,29.9,75.7,0
02-05-2025 23:10,28.3,79.3,0
02-05-2025 23:15,29.1,74.3,0
02-05-2025 23:20,28.9,71.4,0
02-05-2025 23:25,26.7,78.2,0
02-05-2025 23:30,29.7,76.7,0
02-05-2025 23:35,27.6,70.3,0
02-05-2025 23:40,26.7,79.6,0
02-05-2025 23:45,28.9,74,0
02-05-2025 23:50,29,74.5,0
02-05-2025 23:55,27.9,74.9,0
03-05-2025 00:00,26.1,80.8,0
03-05-2025 00:05,25.7,77.3,0
03-05-2025 00:10,26.1,84.5,0
03-05-2025 00:15,25.3,84.7,0
03-05-2025 00:20,26.7,79.7,0
03-05-2025 00:25,26.2,78.9,0
03-05-2025 00:30,25.2,83.7,0
03-05-2025 00:35,26,82.7,0
03-05-2025 00:40,26.7,77.3,0
03-05-2025 00:45,24.4,83.7,0
03-05-2025 00:50,25.5,75.8,0
03-05-2025 00:55,24.5,80.6,0
03-05-2025 01:00,25.2,76.6,0
03-05-2025 01:05,25.7,77.4,0
03-05-2025 01:10,25,84.3,0
03-05-2025 01:15,25.3,84.5,0
03-05-2025 01:20,25.9,77.6,0
03-05-2025 01:25,24.5,80,0
03-05-2025 01:30,25.8,83.1,0
03-05-2025 01:35,24.8,80.1,0
03-05-2025 01:40,24.3,75.6,0
03-05-2025 01:45,26.2,77.2,0
03-05-2025 01:50,26.2,75.7,0
03-05-2025 01:55,25.5,77.8,0
03-05-2025 02:00,26.9,77.8,0
03-05-2025 02:05,24.1,83.3,0
03-05-2025 02:10,25.5,84.1,0
03-05-2025 02:15,26.9,79.1,0
03-05-2025 02:20,25.7,75.5,0
03-05-2025 02:25,24.4,79,0
03-05-2025 02:30,24.4,75.3,0
03-05-2025 02:35,25.8,81.7,0
03-05-2025 02:40,26.8,77.4,0
03-05-2025 02:45,24.3,84.7,0
03-05-2025 02:50,26,75.2,0
03-05-2025 02:55,25.7,81.3,0
03-05-2025 03:00,25.6,80.7,0
03-05-2025 03:05,25.3,78.9,0
03-05-2025 03:10,25.5,81.4,0
03-05-2025 03:15,26.8,80.5,0
03-05-2025 03:20,26.9,84.5,0
03-05-2025 03:25,24.2,83.7,0
03-05-2025 03:30,24.4,76.7,0
03-05-2025 03:35,26.6,79.6,0
03-05-2025 03:40,25.7,83.6,0
03-05-2025 03:45,26.7,79.5,0
03-05-2025 03:50,25.7,81,0
03-05-2025 03:55,26,80.7,0
03-05-2025 04:00,25.3,84.8,0
03-05-2025 04:05,24.1,78.2,0
03-05-2025 04:10,25,75.1,0
03-05-2025 04:15,25.7,75.6,0
03-05-2025 04:20,25.9,80.5,0
03-05-2025 04:25,24.9,85,0
03-05-2025 04:30,26.8,77.5,0
03-05-2025 04:35,24.3,79.6,0
03-05-2025 04:40,25.7,75.6,0
03-05-2025 04:45,25.9,84.5,0
03-05-2025 04:50,25,83,0
03-05-2025 04:55,25.2,76,0
03-05-2025 05:00,26,75.5,0
03-05-2025 05:05,26.8,84.1,0
03-05-2025 05:10,26.5,76.4,0
03-05-2025 05:15,26,76.2,0
03-05-2025 05:20,24,84.2,0
03-05-2025 05:25,24,76,0
03-05-2025 05:30,24.9,76.2,0
03-05-2025 05:35,24.3,78.5,0
03-05-2025 05:40,26.1,78.3,0
03-05-2025 05:45,26.9,75.4,0
03-05-2025 05:50,25.5,76.2,0
03-05-2025 05:55,26.1,82.4,0
03-05-2025 06:00,30.7,73.2,0
03-05-2025 06:05,29.7,71.7,0
03-05-2025 06:10,31.8,69.1,0
03-05-2025 06:15,30.6,69.2,0
03-05-2025 06:20,27.6,66.4,0
03-05-2025 06:25,31.9,73.6,0
03-05-2025 06:30,28,74.8,0
03-05-2025 06:35,27.7,66.6,0
03-05-2025 06:40,28.9,68.2,0
03-05-2025 06:45,31,69.2,0
03-05-2025 06:50,27.1,73.5,0
03-05-2025 06:55,32.1,73.4,0
03-05-2025 07:00,31.7,66,0
03-05-2025 07:05,30.4,69.4,0
03-05-2025 07:10,29,73.6,0
03-05-2025 07:15,32.4,65.6,0
03-05-2025 07:20,28.3,70.6,0
03-05-2025 07:25,27.8,74.7,0
03-05-2025 07:30,32.7,71,0
03-05-2025 07:35,29.5,68.1,0
03-05-2025 07:40,27.9,66.6,0
03-05-2025 07:45,28.4,69.8,0
03-05-2025 07:50,27.2,70,0
03-05-2025 07:55,28.7,66.6,0
03-05-2025 08:00,31.9,66.8,0
03-05-2025 08:05,27.6,67.4,0
03-05-2025 08:10,27.4,72.2,0
03-05-2025 08:15,31.9,71.8,0
03-05-2025 08:20,32.3,65.6,0
03-05-2025 08:25,29.9,72,0
03-05-2025 08:30,33,71.7,0
03-05-2025 08:35,30.5,73.9,0
03-05-2025 08:40,29.3,68.6,0
03-05-2025 08:45,30.2,72.2,0
03-05-2025 08:50,32.7,74.4,0
03-05-2025 08:55,31.9,70,0
03-05-2025 09:00,32,67.2,0
03-05-2025 09:05,30.9,66.4,0
03-05-2025 09:10,31,67.9,0
03-05-2025 09:15,30.2,67,0
03-05-2025 09:20,29.1,70.1,0
03-05-2025 09:25,28.4,69.4,0
03-05-2025 09:30,31.2,73,0
03-05-2025 09:35,28.1,68,0
03-05-2025 09:40,29.6,74.6,0
03-05-2025 09:45,30.6,74.9,0
03-05-2025 09:50,29.1,66.3,0
03-05-2025 09:55,30,66.5,0
03-05-2025 10:00,31.5,73.9,0
03-05-2025 10:05,28.7,66.1,0
03-05-2025 10:10,27.2,69.3,0
03-05-2025 10:15,29,71.2,0
03-05-2025 10:20,28.9,73.7,0
03-05-2025 10:25,30.1,68.4,0
03-05-2025 10:30,28.9,68.2,0
03-05-2025 10:35,31,70.6,0
03-05-2025 10:40,29.9,68.5,0
03-05-2025 10:45,27.6,68.1,0
03-05-2025 10:50,29.8,66.7,0
03-05-2025 10:55,29.5,72,0
03-05-2025 11:00,31.8,70.4,0
03-05-2025 11:05,27.1,66.4,0
03-05-2025 11:10,31.3,71.9,0
03-05-2025 11:15,27.8,71.3,0
03-05-2025 11:20,32.8,71.8,0
03-05-2025 11:25,32.4,65.8,0
03-05-2025 11:30,27.6,70,0
03-05-2025 11:35,31.2,65.9,0
03-05-2025 11:40,31.4,65.9,0
03-05-2025 11:45,29,67.5,0
03-05-2025 11:50,28.7,73.1,0
03-05-2025 11:55,31.6,68.2,0
03-05-2025 12:00,32.5,60.2,1
03-05-2025 12:05,33.4,60,1
03-05-2025 12:10,31,67.2,0
03-05-2025 12:15,31.6,56,0
03-05-2025 12:20,32.6,64.7,1
03-05-2025 12:25,34.1,64.2,1
03-05-2025 12:30,32.1,56.8,1
03-05-2025 12:35,33.6,61.4,1
03-05-2025 12:40,32.6,60.3,1
03-05-2025 12:45,34.6,58.1,1
03-05-2025 12:50,34.4,61,1
03-05-2025 12:55,33.2,62.2,1
03-05-2025 13:00,30.1,60.2,0
03-05-2025 13:05,34.5,57.3,1
03-05-2025 13:10,32.7,57.1,1
03-05-2025 13:15,33.8,59,1
03-05-2025 13:20,30.4,67.9,0
03-05-2025 13:25,34.9,55.7,1
03-05-2025 13:30,30.6,64.5,0
03-05-2025 13:35,31,63.3,0
03-05-2025 13:40,31.1,62.1,0
03-05-2025 13:45,31.7,56.8,0
03-05-2025 13:50,32.5,56.3,1
03-05-2025 13:55,32.2,57.3,1
03-05-2025 14:00,31.4,59.7,0
03-05-2025 14:05,32.4,61.4,1
03-05-2025 14:10,33.6,63.6,1
03-05-2025 14:15,31.7,58.5,0
03-05-2025 14:20,31.2,64.8,0
03-05-2025 14:25,34.7,55.1,1
03-05-2025 14:30,31.1,69.2,0
03-05-2025 14:35,34.3,58.2,1
03-05-2025 14:40,35,58,1
03-05-2025 14:45,31.4,63,0
03-05-2025 14:50,34.5,69.3,0
03-05-2025 14:55,33.1,63.8,1
03-05-2025 15:00,34.6,57.4,1
03-05-2025 15:05,33,68.8,0
03-05-2025 15:10,30.5,68.1,0
03-05-2025 15:15,34.9,61.5,1
03-05-2025 15:20,32,59.4,0
03-05-2025 15:25,31.8,60.4,0
03-05-2025 15:30,32.1,61,1
03-05-2025 15:35,31.5,57.8,0
03-05-2025 15:40,30.2,68.9,0
03-05-2025 15:45,33.9,62.8,1
03-05-2025 15:50,31.6,60.8,0
03-05-2025 15:55,32.1,65.2,0
03-05-2025 16:00,31.8,69,0
03-05-2025 16:05,30.7,64.3,0
03-05-2025 16:10,34.5,64.4,1
03-05-2025 16:15,31.7,57.7,0
03-05-2025 16:20,33.6,55.1,1
03-05-2025 16:25,32.2,57.4,1
03-05-2025 16:30,33.1,59.1,1
03-05-2025 16:35,34.7,68.4,0
03-05-2025 16:40,31.5,57.6,0
03-05-2025 16:45,34.6,62.5,1
03-05-2025 16:50,34.9,61.2,1
03-05-2025 16:55,33.3,56.7,1
03-05-2025 17:00,31.1,56,0
03-05-2025 17:05,30.8,65.6,0
03-05-2025 17:10,32.8,62.8,1
03-05-2025 17:15,33.3,69.6,0
03-05-2025 17:20,33.1,63.5,1
03-05-2025 17:25,31.7,59.3,0
03-05-2025 17:30,32.4,56.3,1
03-05-2025 17:35,31.1,68.7,0
03-05-2025 17:40,31,55.5,0
03-05-2025 17:45,30.6,56.5,0
03-05-2025 17:50,33.6,61.7,1
03-05-2025 17:55,33.1,64.1,1
03-05-2025 18:00,26.9,73.5,0
03-05-2025 18:05,26.1,76.5,0
03-05-2025 18:10,27,75.2,0
03-05-2025 18:15,26.5,77.8,0
03-05-2025 18:20,28.7,70.9,0
03-05-2025 18:25,26.1,73.4,0
03-05-2025 18:30,29.2,72.3,0
03-05-2025 18:35,28.4,74.8,0
03-05-2025 18:40,26.1,75.8,0
03-05-2025 18:45,26.5,74.1,0
03-05-2025 18:50,29.3,71.2,0
03-05-2025 18:55,27.9,70.3,0
03-05-2025 19:00,29,76.3,0
03-05-2025 19:05,26.3,77.9,0
03-05-2025 19:10,29.8,77.1,0
03-05-2025 19:15,26.4,80,0
03-05-2025 19:20,26.4,77.4,0
03-05-2025 19:25,29,79.9,0
03-05-2025 19:30,27.4,70,0
03-05-2025 19:35,26.7,74.1,0
03-05-2025 19:40,26.3,71.9,0
03-05-2025 19:45,29.6,72.3,0
03-05-2025 19:50,29,74.9,0
03-05-2025 19:55,27.9,73.7,0
03-05-2025 20:00,28.7,70.1,0
03-05-2025 20:05,26.6,78.2,0
03-05-2025 20:10,29.3,73.4,0
03-05-2025 20:15,29,70.3,0
03-05-2025 20:20,27.7,77.5,0
03-05-2025 20:25,29.7,77,0
03-05-2025 20:30,27.1,72.1,0
03-05-2025 20:35,28,75.9,0
03-05-2025 20:40,29,76,0
03-05-2025 20:45,28.9,75.8,0
03-05-2025 20:50,27.5,73,0
03-05-2025 20:55,27.5,70.4,0
03-05-2025 21:00,29.2,71.1,0
03-05-2025 21:05,29.3,73.9,0
03-05-2025 21:10,29.3,78.8,0
03-05-2025 21:15,28.5,72.8,0
03-05-2025 21:20,29.9,79.3,0
03-05-2025 21:25,26.5,73,0
03-05-2025 21:30,28.5,71.4,0
03-05-2025 21:35,27.6,72.6,0
03-05-2025 21:40,26.1,76.1,0
03-05-2025 21:45,27.8,73.3,0
03-05-2025 21:50,29.8,78.5,0
03-05-2025 21:55,28,70.2,0
03-05-2025 22:00,26.7,71.6,0
03-05-2025 22:05,29.3,79.9,0
03-05-2025 22:10,29.6,77.5,0
03-05-2025 22:15,29,71.1,0
03-05-2025 22:20,27.8,77.4,0
03-05-2025 22:25,29.2,70.5,0
03-05-2025 22:30,28.2,72.6,0
03-05-2025 22:35,27.8,73.9,0
